<?xml version="1.0" encoding="UTF-8"?>
<project-private xmlns="http://www.netbeans.org/ns/project-private/1">
    <editor-bookmarks xmlns="http://www.netbeans.org/ns/editor-bookmarks/2" lastBookmarkId="0"/>
    <open-files xmlns="http://www.netbeans.org/ns/projectui-open-files/2">
        <group>
            <file>file:/C:/Users/RC_Student_Lab/Documents/NetBeansProjects/part%203/src/part/pkg3/Functions.java</file>
            <file>file:/C:/Users/RC_Student_Lab/Documents/NetBeansProjects/part%203/src/part/pkg3/Login.java</file>
            <file>file:/C:/Users/RC_Student_Lab/Documents/NetBeansProjects/part%203/src/part/pkg3/SendMessage.java</file>
            <file>file:/C:/Users/RC_Student_Lab/Documents/NetBeansProjects/part%203/src/part/pkg3/Registration.java</file>
            <file>file:/C:/Users/RC_Student_Lab/Documents/NetBeansProjects/part%203/src/part/pkg3/Message.java</file>
            <file>file:/C:/Users/RC_Student_Lab/Documents/NetBeansProjects/part%203/src/part/pkg3/MainApp.java</file>
            <file>file:/C:/Users/RC_Student_Lab/Documents/NetBeansProjects/part%203/src/part/pkg3/MessageManager.java</file>
        </group>
    </open-files>
</project-private>
